Workbook

Sheet Petunjuk
A1: FORMULIR PENILAIAN KEPENTINGAN KANDIDAT FITUR
A2: Ekstraksi Informasi Kerusakan Bangunan Pascabencana Menggunakan Small Vision-Language Model
A3: pada Citra Satelit Resolusi Sangat Tinggi — Studi Kasus: Gempa Bumi dan Tsunami Palu 2018
A5: Peneliti : Rizky Alif Ichwanto (222212857, 4SD2)
A6: Program Studi : D-IV Komputasi Statistik, Politeknik Statistika STIS
A7: Peran pengisi : ANNOTATOR (ahli penginderaan jauh / geospasial)
A8: Nama pengisi : ______________________________
A9: Tanggal pengisian : ______________________________
A11: A. Tujuan formulir
A12: Formulir ini digunakan untuk menyeleksi kandidat fitur visual kerusakan bangunan pascabencana yang akan dijadikan dasar penentuan kelas kerusakan. Fitur yang terpilih akan dituangkan ke dalam prompt Small Vision-Language Model (SVLM) dan ke dalam formulir penilaian evaluator. Penilaian ini menjawab tujuan penelitian ke-1.
A14: B. Konteks data yang dinilai
A15: Citra: dataset xBD / xView2, bencana palu-tsunami, sensor WorldView-02, pasangan citra pra dan pasca bencana. Analisis dikunci pada satu pasangan akuisisi saja, yaitu citra pra 24 Januari 2017 dan citra pasca 1 Oktober 2018 (130 tile, 79,7 persen dari seluruh bangunan berlabel), sehingga geometri perekaman sama untuk semua bangunan yang dinilai.
... A32: E. Contoh pengisian
A34: Kandidat Fitur | B34: Skor Kepentingan (1-5) | C34: Peringkat (1-12) | D34: Alasan singkat
A35: Keutuhan atap | B35: 5 | C35: 1 | D35: Kondisi atap adalah indikator paling terbaca pada citra nadir resolusi sub-meter dan paling langsung mencerminkan tingkat kerusakan struktural.
A36: (baris di atas hanya contoh format )

Sheet Penilaian Fitur
A1: PENILAIAN KEPENTINGAN KANDIDAT FITUR — diisi oleh ANNOTATOR
A2: Isi hanya kolom berlatar KUNING (G, H, I). Skor 1-5; Peringkat 1-12 tanpa angka kembar; hanya 6 fitur teratas yang dipakai. Catatan kolom F diperbarui 19 September 2026 berdasarkan inventarisasi penuh 196 tile (revisi 2).
A4: No | B4: Kelompok Kandidat | C4: Kandidat Fitur | D4: Definisi Operasional (bagaimana fitur terlihat pada citra) | E4: Sumber Rujukan | F4: Catatan Teknis dari Metadata Citra (informasi, bukan arahan) | G4: Skor Kepentingan (1-5) | H4: Peringkat (1-12) | I4: Alasan Singkat Penilaian
A5: 1 | B5: Tabel II (proposal) | C5: Keutuhan atap | D5: Kondisi atap bangunan pada citra pasca dibandingkan citra pra: utuh, rusak sebagian, atau hilang sama sekali. | E5: UNOSAT; BNPB | F5: Bangunan median 28,9 px (sekitar 14 m) pada skala 0,5 m/px. Setelah chip diperbesar ke 448 px, atap tampil sekitar 101 px sehingga detailnya masih terbaca.
A6: 2 | B6: Tabel II (proposal) | C6: Puing di sekitar bangunan | D6: Material berserakan (rubble/debris) yang mengelilingi bangunan atau berada pada area terdekat di citra pasca. | E6: UNOSAT | F6: Fitur ini berada di LUAR footprint bangunan. Jendela chip 128 px menyediakan margin sekitar bangunan sehingga fitur ini dapat terlihat.
A7: 3 | B7: Tabel II (proposal) | C7: Perubahan wujud bangunan | D7: Bentuk keseluruhan bangunan berubah antara citra pra dan pasca, misalnya sebagian struktur runtuh atau denah tampak tidak lagi utuh. | E7: Copernicus EMS | F7: Selisih akuisisi pra dan pasca 20,2 bulan (2017-01-24 ke 2018-10-01), sehingga perubahan non-bencana seperti pembangunan, perluasan, atau pembongkaran biasa ikut terekam.
A8: 4 | B8: Tabel II (proposal) | C8: Bangunan hilang | D8: Bangunan yang ada pada citra pra tidak lagi tampak sebagai struktur bangunan pada citra pasca (hilang atau menjadi lahan kosong/puing). | E8: Copernicus EMS | F8: Idem: selisih akuisisi 20,2 bulan memuat pula pembongkaran non-bencana.
A9: 5 | B9: Tabel II (proposal) | C9: Perubahan radiometri | D9: Perubahan kecerahan atau warna area atap yang konsisten dengan kerusakan atau permukaan yang berubah. | E9: Copernicus EMS | F9: PERHATIAN: azimut matahari berubah dari 125,7 menjadi 96,5 derajat (selisih 29,2 derajat) dan elevasi naik dari 56,4 menjadi 68,8 derajat. Arah bayangan bergeser dan bayangan pada citra pasca lebih pendek, sehingga bangunan yang tidak rusak pun dapat tampak berubah secara radiometrik.
A10: 6 | B10: Tabel II (proposal) | C10: Perubahan tekstur | D10: Tekstur atap atau area bangunan menjadi lebih kasar atau tidak teratur dibandingkan kondisi normal pada citra pra. | E10: Copernicus EMS | F10: PERHATIAN: resolusi pankromatik citra pasca 0,704 m sedangkan citra pra 0,508 m, yaitu sekitar 39 persen lebih kasar. Citra pasca inheren lebih buram meski di-resample ke grid piksel yang sama, sehingga tekstur dapat berubah tanpa ada kerusakan.
A11: 7 | B11: Tabel II (proposal) | C11: Genangan | D11: Terdapat air yang menutupi sebagian bangunan atau mengelilingi bangunan pada citra pasca. | E11: Copernicus EMS | F11: Citra pasca diakuisisi 2018-10-01, tiga hari setelah kejadian. Genangan tsunami pada umumnya sudah surut pada tanggal tersebut. Fitur ini semula diturunkan dari konteks banjir.
A12: 8 | B12: Tabel II (proposal) | C12: Sedimen atau lumpur pada atap/halaman | D12: Area di sekitar atau di atas bangunan tertutup lapisan material bertekstur berbeda namun konsisten dengan endapan pascabencana. | E12: Copernicus EMS | F12: Semula diturunkan dari konteks banjir, namun tetap relevan untuk tsunami dan likuefaksi di Palu.
A13: 9 | B13: Tabel II (proposal) | C13: Bentuk dinding | D13: Komponen struktural yang digunakan sebagai pembatas atau penyekat ruangan; kondisinya utuh, rusak sebagian, atau runtuh. | E13: BNPB | F13: Pada citra nadir resolusi 0,5 m/px, dinding umumnya hanya terlihat tidak langsung. Off-nadir citra pasca 36,4 derajat membuat sisi bangunan lebih terekspos dibanding citra pra yang 26,7 derajat.
A14: 10 | B14: Tambahan: konteks gempa-tsunami | C14: Bangunan bergeser atau miring dari posisi semula | D14: Posisi atau orientasi bangunan pada citra pasca tidak lagi sama dengan citra pra: bergeser, terputar, atau miring. Ciri khas area terdampak likuefaksi (Petobo, Balaroa, Jono Oge). | E14: Usulan berdasarkan karakteristik bencana Palu 2018 | F14: Perbedaan off-nadir (26,7 menjadi 36,4 derajat) juga menimbulkan pergeseran tampak sekitar 1 sampai 3 piksel pada rumah satu sampai dua lantai, sehingga perlu dibedakan dari pergeseran yang sebenarnya.
A15: 11 | B15: Tambahan: konteks gempa-tsunami | C15: Bangunan terbenam sedimen atau lumpur likuefaksi | D15: Bangunan tampak sebagian atau seluruhnya tertimbun material lumpur/pasir akibat likuefaksi, sehingga batas bangunan menjadi kabur atau hilang. | E15: Usulan berdasarkan karakteristik bencana Palu 2018 | F15: Fenomena ini khas Palu dan tidak tercakup pada daftar kandidat semula yang diturunkan dari konteks banjir.
A16: 12 | B16: Tambahan: konteks gempa-tsunami | C16: Jejak sapuan tsunami di sekitar bangunan | D16: Terdapat jalur atau pola sapuan pada permukaan tanah di sekitar bangunan yang menunjukkan aliran air tsunami, termasuk vegetasi rebah searah dan material terseret. | E16: Usulan berdasarkan karakteristik bencana Palu 2018 | F16: Relevan terutama untuk bangunan di zona pesisir Teluk Palu (Talise dan sekitarnya).
C18: Nama dan tanda tangan annotator:
C21: (..............................................)

Sheet Rekapitulasi
A1: REKAPITULASI HASIL SELEKSI FITUR (terisi otomatis)
A2: Skor Akhir = Skor Kepentingan dikurangi Peringkat dibagi 100. Peringkat dipakai sebagai pemecah nilai seri. Enam fitur dengan Skor Akhir tertinggi dinyatakan TERPILIH.
A4: No | B4: Kandidat Fitur | C4: Kelompok | D4: Skor Kepentingan | E4: Peringkat | F4: Skor Akhir | G4: Status
A5: 1 | B5: ='Penilaian Fitur'!C5 -> Keutuhan atap | C5: ='Penilaian Fitur'!B5 -> Tabel II (proposal) | D5: =IF('Penilaian Fitur'!G5="","",'Penilaian Fitur'!G5) | E5: =IF('Penilaian Fitur'!H5="","",'Penilaian Fitur'!H5) | F5: =IF(OR('Penilaian Fitur'!G5="",'Penilaian Fitur'!H5=""),"",'Penilaian Fitur'!G5-'Penilaian Fitur'!H5/100) | G5: =IF(F5="","",IF(RANK(F5,$F$5:$F$16,0)<=6,"TERPILIH","tidak dipakai"))
A6: 2 | B6: ='Penilaian Fitur'!C6 -> Puing di sekitar bangunan | C6: ='Penilaian Fitur'!B6 -> Tabel II (proposal) | D6: =IF('Penilaian Fitur'!G6="","",'Penilaian Fitur'!G6) | E6: =IF('Penilaian Fitur'!H6="","",'Penilaian Fitur'!H6) | F6: =IF(OR('Penilaian Fitur'!G6="",'Penilaian Fitur'!H6=""),"",'Penilaian Fitur'!G6-'Penilaian Fitur'!H6/100) | G6: =IF(F6="","",IF(RANK(F6,$F$5:$F$16,0)<=6,"TERPILIH","tidak dipakai"))
A7: 3 | B7: ='Penilaian Fitur'!C7 -> Perubahan wujud bangunan | C7: ='Penilaian Fitur'!B7 -> Tabel II (proposal) | D7: =IF('Penilaian Fitur'!G7="","",'Penilaian Fitur'!G7) | E7: =IF('Penilaian Fitur'!H7="","",'Penilaian Fitur'!H7) | F7: =IF(OR('Penilaian Fitur'!G7="",'Penilaian Fitur'!H7=""),"",'Penilaian Fitur'!G7-'Penilaian Fitur'!H7/100) | G7: =IF(F7="","",IF(RANK(F7,$F$5:$F$16,0)<=6,"TERPILIH","tidak dipakai"))
A8: 4 | B8: ='Penilaian Fitur'!C8 -> Bangunan hilang | C8: ='Penilaian Fitur'!B8 -> Tabel II (proposal) | D8: =IF('Penilaian Fitur'!G8="","",'Penilaian Fitur'!G8) | E8: =IF('Penilaian Fitur'!H8="","",'Penilaian Fitur'!H8) | F8: =IF(OR('Penilaian Fitur'!G8="",'Penilaian Fitur'!H8=""),"",'Penilaian Fitur'!G8-'Penilaian Fitur'!H8/100) | G8: =IF(F8="","",IF(RANK(F8,$F$5:$F$16,0)<=6,"TERPILIH","tidak dipakai"))
A9: 5 | B9: ='Penilaian Fitur'!C9 -> Perubahan radiometri | C9: ='Penilaian Fitur'!B9 -> Tabel II (proposal) | D9: =IF('Penilaian Fitur'!G9="","",'Penilaian Fitur'!G9) | E9: =IF('Penilaian Fitur'!H9="","",'Penilaian Fitur'!H9) | F9: =IF(OR('Penilaian Fitur'!G9="",'Penilaian Fitur'!H9=""),"",'Penilaian Fitur'!G9-'Penilaian Fitur'!H9/100) | G9: =IF(F9="","",IF(RANK(F9,$F$5:$F$16,0)<=6,"TERPILIH","tidak dipakai"))
A10: 6 | B10: ='Penilaian Fitur'!C10 -> Perubahan tekstur | C10: ='Penilaian Fitur'!B10 -> Tabel II (proposal) | D10: =IF('Penilaian Fitur'!G10="","",'Penilaian Fitur'!G10) | E10: =IF('Penilaian Fitur'!H10="","",'Penilaian Fitur'!H10) | F10: =IF(OR('Penilaian Fitur'!G10="",'Penilaian Fitur'!H10=""),"",'Penilaian Fitur'!G10-'Penilaian Fitur'!H10/100) | G10: =IF(F10="","",IF(RANK(F10,$F$5:$F$16,0)<=6,"TERPILIH","tidak dipakai"))
A11: 7 | B11: ='Penilaian Fitur'!C11 -> Genangan | C11: ='Penilaian Fitur'!B11 -> Tabel II (proposal) | D11: =IF('Penilaian Fitur'!G11="","",'Penilaian Fitur'!G11) | E11: =IF('Penilaian Fitur'!H11="","",'Penilaian Fitur'!H11) | F11: =IF(OR('Penilaian Fitur'!G11="",'Penilaian Fitur'!H11=""),"",'Penilaian Fitur'!G11-'Penilaian Fitur'!H11/100) | G11: =IF(F11="","",IF(RANK(F11,$F$5:$F$16,0)<=6,"TERPILIH","tidak dipakai"))
A12: 8 | B12: ='Penilaian Fitur'!C12 -> Sedimen atau lumpur pada atap/halaman | C12: ='Penilaian Fitur'!B12 -> Tabel II (proposal) | D12: =IF('Penilaian Fitur'!G12="","",'Penilaian Fitur'!G12) | E12: =IF('Penilaian Fitur'!H12="","",'Penilaian Fitur'!H12) | F12: =IF(OR('Penilaian Fitur'!G12="",'Penilaian Fitur'!H12=""),"",'Penilaian Fitur'!G12-'Penilaian Fitur'!H12/100) | G12: =IF(F12="","",IF(RANK(F12,$F$5:$F$16,0)<=6,"TERPILIH","tidak dipakai"))
A13: 9 | B13: ='Penilaian Fitur'!C13 -> Bentuk dinding | C13: ='Penilaian Fitur'!B13 -> Tabel II (proposal) | D13: =IF('Penilaian Fitur'!G13="","",'Penilaian Fitur'!G13) | E13: =IF('Penilaian Fitur'!H13="","",'Penilaian Fitur'!H13) | F13: =IF(OR('Penilaian Fitur'!G13="",'Penilaian Fitur'!H13=""),"",'Penilaian Fitur'!G13-'Penilaian Fitur'!H13/100) | G13: =IF(F13="","",IF(RANK(F13,$F$5:$F$16,0)<=6,"TERPILIH","tidak dipakai"))
A14: 10 | B14: ='Penilaian Fitur'!C14 -> Bangunan bergeser atau miring dari posisi semula | C14: ='Penilaian Fitur'!B14 -> Tambahan: konteks gempa-tsunami | D14: =IF('Penilaian Fitur'!G14="","",'Penilaian Fitur'!G14) | E14: =IF('Penilaian Fitur'!H14="","",'Penilaian Fitur'!H14) | F14: =IF(OR('Penilaian Fitur'!G14="",'Penilaian Fitur'!H14=""),"",'Penilaian Fitur'!G14-'Penilaian Fitur'!H14/100) | G14: =IF(F14="","",IF(RANK(F14,$F$5:$F$16,0)<=6,"TERPILIH","tidak dipakai"))
A15: 11 | B15: ='Penilaian Fitur'!C15 -> Bangunan terbenam sedimen atau lumpur likuefaksi | C15: ='Penilaian Fitur'!B15 -> Tambahan: konteks gempa-tsunami | D15: =IF('Penilaian Fitur'!G15="","",'Penilaian Fitur'!G15) | E15: =IF('Penilaian Fitur'!H15="","",'Penilaian Fitur'!H15) | F15: =IF(OR('Penilaian Fitur'!G15="",'Penilaian Fitur'!H15=""),"",'Penilaian Fitur'!G15-'Penilaian Fitur'!H15/100) | G15: =IF(F15="","",IF(RANK(F15,$F$5:$F$16,0)<=6,"TERPILIH","tidak dipakai"))
A16: 12 | B16: ='Penilaian Fitur'!C16 -> Jejak sapuan tsunami di sekitar bangunan | C16: ='Penilaian Fitur'!B16 -> Tambahan: konteks gempa-tsunami | D16: =IF('Penilaian Fitur'!G16="","",'Penilaian Fitur'!G16) | E16: =IF('Penilaian Fitur'!H16="","",'Penilaian Fitur'!H16) | F16: =IF(OR('Penilaian Fitur'!G16="",'Penilaian Fitur'!H16=""),"",'Penilaian Fitur'!G16-'Penilaian Fitur'!H16/100) | G16: =IF(F16="","",IF(RANK(F16,$F$5:$F$16,0)<=6,"TERPILIH","tidak dipakai"))
B18: Jumlah fitur TERPILIH | F18: =COUNTIF($G$5:$G$16,"TERPILIH") -> 0
B19: Cek peringkat tidak kembar (harus TRUE) | F19: =IF(COUNT($E$5:$E$16)=0,"belum diisi",SUMPRODUCT(($E$5:$E$16<>"")*1)=SUMPRODUCT((COUNTIF($E$5:$E$16,$E$5:$E$16)=1)*($E$5:$E$16<>""))) -> belum diisi
B20: Rata-rata skor seluruh kandidat | F20: =IF(COUNT($D$5:$D$16)=0,"belum diisi",AVERAGE($D$5:$D$16)) -> belum diisi
